,PreferedMajor,PreferedSchool,JobType,PreferedStartQuarter,ActualStartQuarter,PreferedNumberofCore,ActualNumberofCore,PreferedNumberQuarters,ActualNumberQuarters,EnrollmentType,mathSequenceBreak,englishSequenceBreak,Rating,SummerPref_no,SummerPref_yes,ActualSummerPref_no,ActualSummerPref_yes
0,0.07033842984005988,0.028135371936023952,0.007033842984005988,0.0,0.0,0.02461845044402096,0.014067685968011976,0.04220305790403593,0.028135371936023952,0.0,0.7033842984005988,0.7033842984005988,0.03516921492002994,0.0,0.007033842984005988,0.0,0.007033842984005988
1,0.10735622055976053,0.04294248822390421,0.010735622055976052,0.021471244111952104,0.0,0.03757467719591619,0.03757467719591619,0.06441373233585632,0.04294248822390421,0.010735622055976052,0.698888995844041,0.698888995844041,0.0,0.0,0.010735622055976052,0.0,0.010735622055976052
2,0.09718705358358884,0.038874821433435534,0.019437410716717767,0.009718705358358884,0.0,0.034015468754256095,0.038874821433435534,0.058312232150153305,0.038874821433435534,0.0,0.6997467858018397,0.6997467858018397,0.038874821433435534,0.0,0.009718705358358884,0.0,0.009718705358358884
3,0.10750034860403944,0.04300013944161578,0.010750034860403945,0.0,0.0,0.037625122011413804,0.010750034860403945,0.06450020916242366,0.03225010458121183,0.0,0.6998272694122967,0.6998272694122967,0.0,0.010750034860403945,0.0,0.010750034860403945,0.0
4,0.10740729639045817,0.04296291855618327,0.010740729639045817,0.021481459278091634,0.0,0.03759255373666036,0.010740729639045817,0.0644443778342749,0.04296291855618327,0.0,0.6992214995018826,0.6992214995018826,0.021481459278091634,0.0,0.010740729639045817,0.0,0.010740729639045817
5,0.07733784391587238,0.028122852333044502,0.014061426166522251,0.0070307130832611255,0.0,0.02460749579141394,0.014061426166522251,0.042184278499566755,0.021092139249783377,0.0,0.7030713083261125,0.7030713083261125,0.03515356541630563,0.0070307130832611255,0.0,0.0070307130832611255,0.0
6,0.05632092276955805,0.028160461384779026,0.0,0.0070401153461947565,0.0,0.024640403711681646,0.014080230692389513,0.04224069207716854,0.028160461384779026,0.0,0.7040115346194756,0.7040115346194756,0.03520057673097378,0.0070401153461947565,0.0,0.0070401153461947565,0.0
7,0.021617806865334727,0.03242671029800209,0.010808903432667364,0.010808903432667364,0.0,0.03783116201433578,0.03242671029800209,0.06485342059600419,0.03242671029800209,0.0,0.7036596134666453,0.7036596134666453,0.0,0.0,0.010808903432667364,0.0,0.010808903432667364
8,0.08613975606541528,0.04306987803270764,0.02153493901635382,0.01076746950817691,0.02153493901635382,0.03768614327861918,0.01076746950817691,0.06460481704906146,0.02153493901635382,0.01076746950817691,0.7009622649823167,0.7009622649823167,0.02153493901635382,0.0,0.01076746950817691,0.0,0.01076746950817691
9,0.08433729626256677,0.028112432087522257,0.0,0.02108432406564169,0.0,0.024598378076581974,0.02108432406564169,0.04216864813128338,0.028112432087522257,0.007028108021880564,0.7028108021880564,0.7028108021880564,0.0,0.0,0.007028108021880564,0.0,0.007028108021880564
10,0.1074630987053364,0.032238929611600915,0.010746309870533639,0.010746309870533639,0.0,0.037612084546867736,0.010746309870533639,0.06447785922320183,0.042985239482134556,0.010746309870533639,0.6995847725717399,0.6995847725717399,0.021492619741067278,0.0,0.010746309870533639,0.0,0.010746309870533639
11,0.10740110149781287,0.042960440599125155,0.021480220299562577,0.0,0.0,0.03759038552423451,0.032220330449343866,0.06444066089868773,0.032220330449343866,0.010740110149781289,0.6991811707507618,0.6991811707507618,0.021480220299562577,0.010740110149781289,0.0,0.010740110149781289,0.0
12,0.0,0.029297587487759843,0.009765862495919948,0.029297587487759843,0.0,0.03418051873571982,0.03906344998367979,0.058595174975519686,0.03906344998367979,0.0,0.7031420997062363,0.7031420997062363,0.03906344998367979,0.0,0.009765862495919948,0.0,0.009765862495919948
13,0.09716411263019975,0.0388656450520799,0.009716411263019975,0.029149233789059925,0.0,0.03400743942056991,0.0388656450520799,0.05829846757811985,0.0388656450520799,0.0,0.6995816109374382,0.6995816109374382,0.0388656450520799,0.0,0.009716411263019975,0.0,0.009716411263019975
14,0.09674332651272284,0.04299703400565459,0.010749258501413648,0.03224777550424095,0.010749258501413648,0.03762240475494777,0.03762240475494777,0.0644955510084819,0.021498517002827296,0.0,0.6997767284420284,0.6997767284420284,0.021498517002827296,0.0,0.010749258501413648,0.0,0.010749258501413648
15,0.10740729639045817,0.04296291855618327,0.0,0.0,0.0,0.03759255373666036,0.03222218891713745,0.0644443778342749,0.04296291855618327,0.010740729639045817,0.6992214995018826,0.6992214995018826,0.0,0.0,0.010740729639045817,0.0,0.010740729639045817
16,0.09719164372450595,0.038876657489802374,0.019438328744901187,0.0,0.0,0.03401707530357708,0.038876657489802374,0.05831498623470357,0.038876657489802374,0.0,0.6997798348164428,0.6997798348164428,0.038876657489802374,0.0,0.009719164372450594,0.0,0.009719164372450594
17,0.10741968939232022,0.042967875756928085,0.010741968939232021,0.03222590681769606,0.021483937878464043,0.03759689128731208,0.010741968939232021,0.06445181363539212,0.021483937878464043,0.010741968939232021,0.6993021779440045,0.6993021779440045,0.021483937878464043,0.0,0.010741968939232021,0.0,0.010741968939232021
18,0.0972697757626273,0.02918093272878819,0.00972697757626273,0.02918093272878819,0.0,0.034044421516919554,0.03890791030505092,0.05836186545757638,0.03890791030505092,0.0,0.7003423854909165,0.7003423854909165,0.0,0.0,0.00972697757626273,0.0,0.00972697757626273
19,0.0861147996515139,0.03229304986931771,0.021528699912878476,0.03229304986931771,0.0,0.03767522484753733,0.03229304986931771,0.06458609973863542,0.03229304986931771,0.0,0.7007591821641943,0.7007591821641943,0.0,0.010764349956439238,0.0,0.010764349956439238,0.0
20,0.03523814685682436,0.02819051748545949,0.007047629371364873,0.021142888114094618,0.0,0.024666702799777052,0.02819051748545949,0.042285776228189235,0.02819051748545949,0.0,0.7047629371364872,0.7047629371364872,0.0,0.0,0.007047629371364873,0.0,0.007047629371364873
21,0.08615973682621815,0.043079868413109075,0.010769967103277269,0.010769967103277269,0.021539934206554538,0.03769488486147044,0.010769967103277269,0.06461980261966362,0.021539934206554538,0.0,0.7011248584233502,0.7011248584233502,0.021539934206554538,0.010769967103277269,0.0,0.010769967103277269,0.0
22,0.0668870837038881,0.025082656388958038,0.016721770925972025,0.025082656388958038,0.0,0.029263099120451046,0.03344354185194405,0.050165312777916075,0.03344354185194405,0.0,0.702314378890825,0.702314378890825,0.041804427314930066,0.0,0.008360885462986013,0.0,0.008360885462986013
23,0.041890903152787436,0.03351272252222995,0.016756361261114974,0.02513454189167246,0.0,0.029323632206951205,0.016756361261114974,0.05026908378334492,0.02513454189167246,0.008378180630557487,0.7037671729668289,0.7037671729668289,0.03351272252222995,0.0,0.008378180630557487,0.0,0.008378180630557487
24,0.07533735668452898,0.04304991810544513,0.010762479526361283,0.03228743857908385,0.0,0.03766867834226449,0.04304991810544513,0.0645748771581677,0.04304991810544513,0.0,0.7006374171661195,0.7006374171661195,0.0,0.010762479526361283,0.0,0.010762479526361283,0.0
25,0.056309760302871194,0.0211161601135767,0.007038720037858899,0.0211161601135767,0.0,0.024635520132506146,0.0211161601135767,0.0422323202271534,0.028154880151435597,0.007038720037858899,0.7038720037858899,0.7038720037858899,0.035193600189294495,0.007038720037858899,0.0,0.007038720037858899,0.0
26,0.0352442743168269,0.028195419453461518,0.014097709726730759,0.021146564590096138,0.014097709726730759,0.024670992021778828,0.021146564590096138,0.042293129180192277,0.021146564590096138,0.0,0.7048854863365379,0.7048854863365379,0.0,0.007048854863365379,0.0,0.007048854863365379,0.0
27,0.08430398974779242,0.028101329915930808,0.007025332478982702,0.0,0.0,0.024588663676439457,0.021075997436948105,0.04215199487389621,0.028101329915930808,0.0,0.7025332478982702,0.7025332478982702,0.03512666239491351,0.007025332478982702,0.0,0.007025332478982702,0.0
28,0.07531990994937718,0.04303994854250125,0.010759987135625312,0.03227996140687594,0.0,0.03765995497468859,0.04303994854250125,0.06455992281375188,0.04303994854250125,0.0,0.7004751625292077,0.7004751625292077,0.021519974271250623,0.010759987135625312,0.0,0.010759987135625312,0.0
29,0.04880836967400829,0.03904669573920663,0.009761673934801658,0.0,0.0,0.0341658587718058,0.029285021804404975,0.05857004360880995,0.029285021804404975,0.0,0.7028405233057193,0.7028405233057193,0.03904669573920663,0.009761673934801658,0.0,0.009761673934801658,0.0
30,0.07030886857034188,0.021092660571102564,0.014061773714068377,0.021092660571102564,0.0,0.024608103999619657,0.028123547428136754,0.04218532114220513,0.028123547428136754,0.0,0.7030886857034188,0.7030886857034188,0.03515443428517094,0.0,0.0070308868570341885,0.0,0.0070308868570341885
31,0.03522240519439557,0.02817792415551645,0.007044481038879113,0.02113344311663734,0.0,0.024655683636076897,0.02113344311663734,0.04226688623327468,0.02817792415551645,0.0,0.7044481038879113,0.7044481038879113,0.03522240519439557,0.007044481038879113,0.0,0.007044481038879113,0.0
32,0.028194018630246263,0.014097009315123131,0.007048504657561566,0.0,0.0,0.02466976630146548,0.028194018630246263,0.042291027945369396,0.028194018630246263,0.0,0.7048504657561566,0.7048504657561566,0.03524252328780783,0.0,0.007048504657561566,0.0,0.007048504657561566
33,0.08604503692243963,0.043022518461219815,0.010755629615304954,0.010755629615304954,0.0,0.037644703653567334,0.043022518461219815,0.06453377769182972,0.043022518461219815,0.0,0.7001914879563524,0.7001914879563524,0.021511259230609907,0.0,0.010755629615304954,0.0,0.010755629615304954
34,0.04932115843736805,0.014091759553533728,0.0,0.021137639330300592,0.014091759553533728,0.024660579218684024,0.007045879776766864,0.042275278660601184,0.007045879776766864,0.0,0.7045879776766864,0.7045879776766864,0.03522939888383432,0.0,0.007045879776766864,0.0,0.007045879776766864
35,0.04228892702370015,0.0281926180158001,0.007048154503950025,0.021144463511850075,0.0,0.02466854076382509,0.021144463511850075,0.04228892702370015,0.021144463511850075,0.0,0.7048154503950025,0.7048154503950025,0.0,0.007048154503950025,0.0,0.007048154503950025,0.0
36,0.03524077251975013,0.0281926180158001,0.0,0.0,0.0,0.02466854076382509,0.01409630900790005,0.04228892702370015,0.021144463511850075,0.007048154503950025,0.7048154503950025,0.7048154503950025,0.03524077251975013,0.0,0.007048154503950025,0.0,0.007048154503950025
37,0.07537665620833899,0.043072374976193706,0.010768093744048426,0.03230428123214528,0.0,0.03768832810416949,0.03230428123214528,0.06460856246429056,0.03230428123214528,0.010768093744048426,0.7010029027375525,0.7010029027375525,0.021536187488096853,0.010768093744048426,0.0,0.010768093744048426,0.0
38,0.08603384086151203,0.043016920430756014,0.021508460215378007,0.021508460215378007,0.0,0.03763980537691151,0.03763980537691151,0.06452538064613401,0.043016920430756014,0.0,0.700100380010554,0.700100380010554,0.021508460215378007,0.010754230107689004,0.0,0.010754230107689004,0.0
39,0.07032799219352015,0.02813119687740806,0.0,0.021098397658056045,0.0,0.024614797267732053,0.021098397658056045,0.04219679531611209,0.021098397658056045,0.0,0.7032799219352015,0.7032799219352015,0.035163996096760075,0.007032799219352015,0.0,0.007032799219352015,0.0
40,0.09854129939892417,0.03941651975956967,0.009854129939892417,0.009854129939892417,0.0,0.03448945478962346,0.03941651975956967,0.059124779639354495,0.03941651975956967,0.0,0.6996432257323616,0.6996432257323616,0.03941651975956967,0.0,0.009854129939892417,0.0,0.009854129939892417
41,0.049316262125790565,0.028180721214737466,0.0,0.0,0.0,0.024658131062895283,0.028180721214737466,0.0422710818221062,0.028180721214737466,0.0,0.7045180303684366,0.7045180303684366,0.0,0.0,0.0070451803036843666,0.0,0.0070451803036843666
42,0.10738252324931065,0.032214756974793195,0.010738252324931065,0.0,0.0,0.03758388313725873,0.04295300929972426,0.06442951394958639,0.04295300929972426,0.0,0.6990602263530123,0.6990602263530123,0.02147650464986213,0.010738252324931065,0.0,0.010738252324931065,0.0
43,0.09720082595780775,0.0388803303831231,0.0,0.009720082595780775,0.0,0.03402028908523271,0.0388803303831231,0.058320495574684654,0.0388803303831231,0.009720082595780775,0.6998459468962158,0.6998459468962158,0.0388803303831231,0.0,0.009720082595780775,0.0,0.009720082595780775
44,0.07036977068540792,0.0,0.0,0.0,0.0,0.024629419739892775,0.02111093120562238,0.04222186241124476,0.02111093120562238,0.007036977068540793,0.7036977068540793,0.7036977068540793,0.03518488534270396,0.0,0.007036977068540793,0.0,0.007036977068540793
45,0.0703019183924089,0.028120767356963564,0.0,0.021090575517722674,0.0,0.02460567143734312,0.028120767356963564,0.04218115103544535,0.028120767356963564,0.007030191839240891,0.7030191839240891,0.7030191839240891,0.03515095919620445,0.007030191839240891,0.0,0.007030191839240891,0.0
46,0.07037848391328183,0.02815139356531273,0.007037848391328183,0.014075696782656365,0.0,0.02463246936964864,0.021113545173984546,0.04222709034796909,0.021113545173984546,0.0,0.7037848391328183,0.7037848391328183,0.0,0.007037848391328183,0.0,0.007037848391328183,0.0
47,0.07030018116995158,0.028120072467980633,0.007030018116995158,0.021090054350985474,0.0,0.02460506340948305,0.028120072467980633,0.04218010870197095,0.028120072467980633,0.007030018116995158,0.7030018116995158,0.7030018116995158,0.03515009058497579,0.0,0.007030018116995158,0.0,0.007030018116995158
48,0.05391867505916676,0.04313494004733341,0.0,0.0,0.0,0.03774307254141673,0.04313494004733341,0.06470241007100011,0.04313494004733341,0.0,0.7020211492703512,0.7020211492703512,0.0,0.0,0.010783735011833353,0.0,0.010783735011833353
49,0.07036106069296376,0.028144424277185505,0.007036106069296376,0.007036106069296376,0.014072212138592752,0.024626371242537318,0.007036106069296376,0.04221663641577826,0.007036106069296376,0.0,0.7036106069296376,0.7036106069296376,0.03518053034648188,0.007036106069296376,0.0,0.007036106069296376,0.0
50,0.05390613914113864,0.043124911312910914,0.0,0.0,0.0,0.03773429739879705,0.043124911312910914,0.06468736696936637,0.043124911312910914,0.0,0.7018579316176251,0.7018579316176251,0.021562455656455457,0.0,0.010781227828227729,0.0,0.010781227828227729
51,0.07036106069296376,0.028144424277185505,0.007036106069296376,0.007036106069296376,0.014072212138592752,0.024626371242537318,0.007036106069296376,0.04221663641577826,0.007036106069296376,0.0,0.7036106069296376,0.7036106069296376,0.03518053034648188,0.007036106069296376,0.0,0.007036106069296376,0.0
52,0.05390613914113864,0.043124911312910914,0.0,0.0,0.0,0.03773429739879705,0.043124911312910914,0.06468736696936637,0.043124911312910914,0.0,0.7018579316176251,0.7018579316176251,0.021562455656455457,0.0,0.010781227828227729,0.0,0.010781227828227729
53,0.07036106069296376,0.028144424277185505,0.007036106069296376,0.007036106069296376,0.014072212138592752,0.024626371242537318,0.007036106069296376,0.04221663641577826,0.007036106069296376,0.0,0.7036106069296376,0.7036106069296376,0.03518053034648188,0.007036106069296376,0.0,0.007036106069296376,0.0
54,0.05390613914113864,0.043124911312910914,0.0,0.0,0.0,0.03773429739879705,0.043124911312910914,0.06468736696936637,0.043124911312910914,0.0,0.7018579316176251,0.7018579316176251,0.021562455656455457,0.0,0.010781227828227729,0.0,0.010781227828227729
55,0.07036106069296376,0.028144424277185505,0.007036106069296376,0.007036106069296376,0.014072212138592752,0.024626371242537318,0.007036106069296376,0.04221663641577826,0.007036106069296376,0.0,0.7036106069296376,0.7036106069296376,0.03518053034648188,0.007036106069296376,0.0,0.007036106069296376,0.0
56,0.05391867505916676,0.04313494004733341,0.0,0.0,0.0,0.03774307254141673,0.04313494004733341,0.06470241007100011,0.04313494004733341,0.0,0.7020211492703512,0.7020211492703512,0.0,0.0,0.010783735011833353,0.0,0.010783735011833353
57,0.05633348848291815,0.021125058181094305,0.014083372120729538,0.021125058181094305,0.014083372120729538,0.02464590121127669,0.007041686060364769,0.04225011636218861,0.007041686060364769,0.0,0.7041686060364768,0.7041686060364768,0.03520843030182384,0.0,0.007041686060364769,0.0,0.007041686060364769
58,0.07033321043592397,0.02813328417436959,0.014066642087184795,0.0,0.0,0.024616623652573392,0.014066642087184795,0.04219992626155439,0.02813328417436959,0.0,0.7033321043592398,0.7033321043592398,0.035166605217961985,0.0,0.007033321043592397,0.0,0.007033321043592397
59,0.10732530095046658,0.04293012038018663,0.010732530095046657,0.03219759028513997,0.0,0.0375638553326633,0.0375638553326633,0.06439518057027994,0.04293012038018663,0.010732530095046657,0.6986877091875373,0.6986877091875373,0.0,0.010732530095046657,0.0,0.010732530095046657,0.0
60,0.09718705358358884,0.038874821433435534,0.019437410716717767,0.009718705358358884,0.0,0.034015468754256095,0.038874821433435534,0.058312232150153305,0.038874821433435534,0.0,0.6997467858018397,0.6997467858018397,0.038874821433435534,0.0,0.009718705358358884,0.0,0.009718705358358884
61,0.10748171881355696,0.04299268752542278,0.0,0.0,0.0,0.037618601584744935,0.010748171881355696,0.06448903128813419,0.03224451564406709,0.0,0.6997059894762557,0.6997059894762557,0.02149634376271139,0.010748171881355696,0.0,0.010748171881355696,0.0
62,0.10740729639045817,0.04296291855618327,0.010740729639045817,0.021481459278091634,0.0,0.03759255373666036,0.010740729639045817,0.0644443778342749,0.04296291855618327,0.0,0.6992214995018826,0.6992214995018826,0.021481459278091634,0.0,0.010740729639045817,0.0,0.010740729639045817
63,0.0773225569245234,0.02811729342709942,0.01405864671354971,0.021087970070324567,0.0,0.024602631748711995,0.01405864671354971,0.04217594014064913,0.021087970070324567,0.0,0.7029323356774855,0.7029323356774855,0.03514661678387428,0.007029323356774855,0.0,0.007029323356774855,0.0
64,0.05632092276955805,0.028160461384779026,0.0,0.0070401153461947565,0.0,0.024640403711681646,0.014080230692389513,0.04224069207716854,0.028160461384779026,0.0,0.7040115346194756,0.7040115346194756,0.03520057673097378,0.0070401153461947565,0.0,0.0070401153461947565,0.0
65,0.02161401937076053,0.0324210290561408,0.010807009685380266,0.0,0.0,0.037824533898830934,0.0324210290561408,0.0648420581122816,0.0324210290561408,0.0,0.7035363305182553,0.7035363305182553,0.02161401937076053,0.0,0.010807009685380266,0.0,0.010807009685380266
66,0.08612477961388869,0.043062389806944344,0.021531194903472172,0.021531194903472172,0.021531194903472172,0.0376795910810763,0.010765597451736086,0.06459358471041651,0.021531194903472172,0.010765597451736086,0.7008403941080191,0.7008403941080191,0.021531194903472172,0.0,0.010765597451736086,0.0,0.010765597451736086
67,0.08433937923068836,0.028113126410229457,0.0,0.02108484480767209,0.0,0.024598985608950776,0.02108484480767209,0.04216968961534418,0.028113126410229457,0.0,0.7028281602557364,0.7028281602557364,0.0,0.007028281602557364,0.0,0.007028281602557364,0.0
68,0.10746930433278742,0.03224079129983623,0.010746930433278743,0.0,0.0,0.0376142565164756,0.010746930433278743,0.06448158259967246,0.04298772173311497,0.010746930433278743,0.6996251712064461,0.6996251712064461,0.021493860866557486,0.0,0.010746930433278743,0.0,0.010746930433278743
69,0.107370143105082,0.0429480572420328,0.0214740286210164,0.0322110429315246,0.0,0.0375795500867787,0.0322110429315246,0.0644220858630492,0.0322110429315246,0.0107370143105082,0.6989796316140838,0.6989796316140838,0.0,0.0107370143105082,0.0,0.0107370143105082,0.0
70,0.0,0.03240400323045548,0.0,0.0,0.0,0.037804670435531394,0.04320533764060731,0.06480800646091096,0.04320533764060731,0.0,0.7031668701008839,0.7031668701008839,0.021602668820303653,0.010801334410151827,0.0,0.010801334410151827,0.0
71,0.09720082595780775,0.0388803303831231,0.009720082595780775,0.009720082595780775,0.0,0.03402028908523271,0.0388803303831231,0.058320495574684654,0.0388803303831231,0.0,0.6998459468962158,0.6998459468962158,0.0388803303831231,0.0,0.009720082595780775,0.0,0.009720082595780775
72,0.09678807096920103,0.043016920430756014,0.010754230107689004,0.0,0.010754230107689004,0.03763980537691151,0.03763980537691151,0.06452538064613401,0.021508460215378007,0.010754230107689004,0.700100380010554,0.700100380010554,0.021508460215378007,0.0,0.010754230107689004,0.0,0.010754230107689004
73,0.10735776724179127,0.04294310689671651,0.0,0.021471553448358254,0.0,0.03757521853462695,0.03220733017253738,0.06441466034507476,0.04294310689671651,0.010735776724179127,0.6988990647440612,0.6988990647440612,0.021471553448358254,0.0,0.010735776724179127,0.0,0.010735776724179127
74,0.09726517454333604,0.03890606981733442,0.01945303490866721,0.0,0.0,0.034042811090167616,0.03890606981733442,0.05835910472600163,0.03890606981733442,0.0,0.7003092567120195,0.7003092567120195,0.0,0.009726517454333604,0.0,0.009726517454333604,0.0
75,0.10741968939232022,0.042967875756928085,0.010741968939232021,0.03222590681769606,0.021483937878464043,0.03759689128731208,0.010741968939232021,0.06445181363539212,0.021483937878464043,0.010741968939232021,0.6993021779440045,0.6993021779440045,0.021483937878464043,0.0,0.010741968939232021,0.0,0.010741968939232021
76,0.0972697757626273,0.02918093272878819,0.0,0.00972697757626273,0.0,0.034044421516919554,0.03890791030505092,0.05836186545757638,0.03890791030505092,0.0,0.7003423854909165,0.7003423854909165,0.02918093272878819,0.00972697757626273,0.0,0.00972697757626273,0.0
77,0.08613975606541528,0.03230240852453073,0.0,0.02153493901635382,0.0,0.03768614327861918,0.03230240852453073,0.06460481704906146,0.03230240852453073,0.0,0.7009622649823167,0.7009622649823167,0.02153493901635382,0.01076746950817691,0.0,0.01076746950817691,0.0
78,0.05390613914113864,0.043124911312910914,0.0,0.0,0.0,0.03773429739879705,0.043124911312910914,0.06468736696936637,0.043124911312910914,0.0,0.7018579316176251,0.7018579316176251,0.021562455656455457,0.0,0.010781227828227729,0.0,0.010781227828227729
79,0.05633348848291815,0.021125058181094305,0.014083372120729538,0.021125058181094305,0.014083372120729538,0.02464590121127669,0.007041686060364769,0.04225011636218861,0.007041686060364769,0.0,0.7041686060364768,0.7041686060364768,0.03520843030182384,0.0,0.007041686060364769,0.0,0.007041686060364769
80,0.07033321043592397,0.02813328417436959,0.014066642087184795,0.0,0.0,0.024616623652573392,0.014066642087184795,0.04219992626155439,0.02813328417436959,0.0,0.7033321043592398,0.7033321043592398,0.035166605217961985,0.0,0.007033321043592397,0.0,0.007033321043592397
81,0.10730058448890654,0.04292023379556262,0.010730058448890654,0.03219017534667196,0.0,0.037555204571117294,0.037555204571117294,0.06438035069334393,0.04292023379556262,0.010730058448890654,0.6985268050227815,0.6985268050227815,0.02146011689778131,0.010730058448890654,0.0,0.010730058448890654,0.0
82,0.09718705358358884,0.038874821433435534,0.019437410716717767,0.009718705358358884,0.0,0.034015468754256095,0.038874821433435534,0.058312232150153305,0.038874821433435534,0.0,0.6997467858018397,0.6997467858018397,0.038874821433435534,0.0,0.009718705358358884,0.0,0.009718705358358884
83,0.10748171881355696,0.04299268752542278,0.0,0.0,0.0,0.037618601584744935,0.010748171881355696,0.06448903128813419,0.03224451564406709,0.0,0.6997059894762557,0.6997059894762557,0.02149634376271139,0.010748171881355696,0.0,0.010748171881355696,0.0
84,0.10740729639045817,0.04296291855618327,0.010740729639045817,0.021481459278091634,0.0,0.03759255373666036,0.010740729639045817,0.0644443778342749,0.04296291855618327,0.0,0.6992214995018826,0.6992214995018826,0.021481459278091634,0.0,0.010740729639045817,0.0,0.010740729639045817
85,0.0773225569245234,0.02811729342709942,0.01405864671354971,0.021087970070324567,0.0,0.024602631748711995,0.01405864671354971,0.04217594014064913,0.021087970070324567,0.0,0.7029323356774855,0.7029323356774855,0.03514661678387428,0.007029323356774855,0.0,0.007029323356774855,0.0
86,0.0563558483110329,0.02817792415551645,0.0,0.007044481038879113,0.0,0.024655683636076897,0.014088962077758225,0.04226688623327468,0.02817792415551645,0.0,0.7044481038879113,0.7044481038879113,0.0,0.007044481038879113,0.0,0.007044481038879113,0.0
87,0.021619069806058346,0.03242860470908752,0.010809534903029173,0.0,0.0,0.037833372160602105,0.03242860470908752,0.06485720941817504,0.03242860470908752,0.0,0.703700722187199,0.703700722187199,0.0,0.0,0.010809534903029173,0.0,0.010809534903029173
88,0.08614474995238741,0.043072374976193706,0.021536187488096853,0.021536187488096853,0.021536187488096853,0.03768832810416949,0.010768093744048426,0.06460856246429056,0.021536187488096853,0.010768093744048426,0.7010029027375525,0.7010029027375525,0.0,0.0,0.010768093744048426,0.0,0.010768093744048426
89,0.08428735128118865,0.028095783760396217,0.0,0.021071837820297163,0.0,0.02458381079034669,0.021071837820297163,0.042143675640594326,0.028095783760396217,0.0,0.7023945940099054,0.7023945940099054,0.03511972970049527,0.007023945940099054,0.0,0.007023945940099054,0.0
90,0.10749413759755382,0.03224824127926614,0.010749413759755381,0.0,0.0,0.03762294815914383,0.010749413759755381,0.06449648255853228,0.042997655039021525,0.010749413759755381,0.6997868357600753,0.6997868357600753,0.0,0.0,0.010749413759755381,0.0,0.010749413759755381
91,0.10734539565697189,0.04293815826278875,0.021469079131394377,0.03220361869709157,0.0,0.03757088847994016,0.03220361869709157,0.06440723739418314,0.03220361869709157,0.010734539565697188,0.698818525726887,0.698818525726887,0.021469079131394377,0.010734539565697188,0.0,0.010734539565697188,0.0
92,0.0,0.03240400323045548,0.0,0.0,0.0,0.037804670435531394,0.04320533764060731,0.06480800646091096,0.04320533764060731,0.0,0.7031668701008839,0.7031668701008839,0.021602668820303653,0.010801334410151827,0.0,0.010801334410151827,0.0
93,0.09727437763497518,0.03890975105399007,0.009727437763497517,0.009727437763497517,0.0,0.03404603217224131,0.03890975105399007,0.0583646265809851,0.03890975105399007,0.0,0.7003755189718213,0.7003755189718213,0.0,0.0,0.009727437763497517,0.0,0.009727437763497517
94,0.0968104664914569,0.043026873996203065,0.010756718499050766,0.0,0.010756718499050766,0.03764851474667768,0.03764851474667768,0.0645403109943046,0.021513436998101532,0.010756718499050766,0.7002623742882048,0.7002623742882048,0.0,0.0,0.010756718499050766,0.0,0.010756718499050766
95,0.10738252324931065,0.04295300929972426,0.0,0.02147650464986213,0.0,0.03758388313725873,0.032214756974793195,0.06442951394958639,0.04295300929972426,0.010738252324931065,0.6990602263530123,0.6990602263530123,0.0,0.0,0.010738252324931065,0.0,0.010738252324931065
96,0.09726517454333604,0.03890606981733442,0.01945303490866721,0.0,0.0,0.034042811090167616,0.03890606981733442,0.05835910472600163,0.03890606981733442,0.0,0.7003092567120195,0.7003092567120195,0.0,0.009726517454333604,0.0,0.009726517454333604,0.0
97,0.10741968939232022,0.042967875756928085,0.010741968939232021,0.03222590681769606,0.021483937878464043,0.03759689128731208,0.010741968939232021,0.06445181363539212,0.021483937878464043,0.010741968939232021,0.6993021779440045,0.6993021779440045,0.021483937878464043,0.0,0.010741968939232021,0.0,0.010741968939232021
98,0.0972697757626273,0.02918093272878819,0.0,0.00972697757626273,0.0,0.034044421516919554,0.03890791030505092,0.05836186545757638,0.03890791030505092,0.0,0.7003423854909165,0.7003423854909165,0.02918093272878819,0.00972697757626273,0.0,0.00972697757626273,0.0
99,0.08613975606541528,0.03230240852453073,0.0,0.02153493901635382,0.0,0.03768614327861918,0.03230240852453073,0.06460481704906146,0.03230240852453073,0.0,0.7009622649823167,0.7009622649823167,0.02153493901635382,0.01076746950817691,0.0,0.01076746950817691,0.0
100,0.05390613914113864,0.043124911312910914,0.0,0.0,0.0,0.03773429739879705,0.043124911312910914,0.06468736696936637,0.043124911312910914,0.0,0.7018579316176251,0.7018579316176251,0.021562455656455457,0.0,0.010781227828227729,0.0,0.010781227828227729
101,0.0563684374207434,0.021138164032778777,0.01409210935518585,0.021138164032778777,0.01409210935518585,0.02466119137157524,0.007046054677592925,0.042276328065557554,0.007046054677592925,0.0,0.7046054677592926,0.7046054677592926,0.0,0.0,0.007046054677592925,0.0,0.007046054677592925
102,0.07033321043592397,0.02813328417436959,0.014066642087184795,0.0,0.0,0.024616623652573392,0.014066642087184795,0.04219992626155439,0.02813328417436959,0.0,0.7033321043592398,0.7033321043592398,0.035166605217961985,0.0,0.007033321043592397,0.0,0.007033321043592397
103,0.10730058448890654,0.04292023379556262,0.010730058448890654,0.03219017534667196,0.0,0.037555204571117294,0.037555204571117294,0.06438035069334393,0.04292023379556262,0.010730058448890654,0.6985268050227815,0.6985268050227815,0.02146011689778131,0.010730058448890654,0.0,0.010730058448890654,0.0
104,0.09718705358358884,0.038874821433435534,0.019437410716717767,0.009718705358358884,0.0,0.034015468754256095,0.038874821433435534,0.058312232150153305,0.038874821433435534,0.0,0.6997467858018397,0.6997467858018397,0.038874821433435534,0.0,0.009718705358358884,0.0,0.009718705358358884
105,0.10748171881355696,0.04299268752542278,0.0,0.0,0.0,0.037618601584744935,0.010748171881355696,0.06448903128813419,0.03224451564406709,0.0,0.6997059894762557,0.6997059894762557,0.02149634376271139,0.010748171881355696,0.0,0.010748171881355696,0.0
106,0.10743208668500658,0.04297283467400263,0.010743208668500658,0.021486417337001316,0.0,0.0376012303397523,0.010743208668500658,0.06445925201100394,0.04297283467400263,0.0,0.6993828843193928,0.6993828843193928,0.0,0.0,0.010743208668500658,0.0,0.010743208668500658
107,0.0773225569245234,0.02811729342709942,0.01405864671354971,0.021087970070324567,0.0,0.024602631748711995,0.01405864671354971,0.04217594014064913,0.021087970070324567,0.0,0.7029323356774855,0.7029323356774855,0.03514661678387428,0.007029323356774855,0.0,0.007029323356774855,0.0
108,0.05632092276955805,0.028160461384779026,0.0,0.0070401153461947565,0.0,0.024640403711681646,0.014080230692389513,0.04224069207716854,0.028160461384779026,0.0,0.7040115346194756,0.7040115346194756,0.03520057673097378,0.0070401153461947565,0.0,0.0070401153461947565,0.0
109,0.02161401937076053,0.0324210290561408,0.010807009685380266,0.0,0.0,0.037824533898830934,0.0324210290561408,0.0648420581122816,0.0324210290561408,0.0,0.7035363305182553,0.7035363305182553,0.02161401937076053,0.0,0.010807009685380266,0.0,0.010807009685380266
110,0.08612477961388869,0.043062389806944344,0.021531194903472172,0.021531194903472172,0.021531194903472172,0.0376795910810763,0.010765597451736086,0.06459358471041651,0.021531194903472172,0.010765597451736086,0.7008403941080191,0.7008403941080191,0.021531194903472172,0.0,0.010765597451736086,0.0,0.010765597451736086
111,0.08428735128118865,0.028095783760396217,0.0,0.021071837820297163,0.0,0.02458381079034669,0.021071837820297163,0.042143675640594326,0.028095783760396217,0.0,0.7023945940099054,0.7023945940099054,0.03511972970049527,0.007023945940099054,0.0,0.007023945940099054,0.0
112,0.10746930433278742,0.03224079129983623,0.010746930433278743,0.0,0.0,0.0376142565164756,0.010746930433278743,0.06448158259967246,0.04298772173311497,0.010746930433278743,0.6996251712064461,0.6996251712064461,0.021493860866557486,0.0,0.010746930433278743,0.0,0.010746930433278743
113,0.10734539565697189,0.04293815826278875,0.021469079131394377,0.03220361869709157,0.0,0.03757088847994016,0.03220361869709157,0.06440723739418314,0.03220361869709157,0.010734539565697188,0.698818525726887,0.698818525726887,0.021469079131394377,0.010734539565697188,0.0,0.010734539565697188,0.0
114,0.0,0.032411566951876906,0.0,0.0,0.0,0.037813494777189725,0.043215422602502544,0.06482313390375381,0.043215422602502544,0.0,0.7033310028557288,0.7033310028557288,0.0,0.010803855650625636,0.0,0.010803855650625636,0.0
115,0.09720082595780775,0.0388803303831231,0.009720082595780775,0.009720082595780775,0.0,0.03402028908523271,0.0388803303831231,0.058320495574684654,0.0388803303831231,0.0,0.6998459468962158,0.6998459468962158,0.0388803303831231,0.0,0.009720082595780775,0.0,0.009720082595780775
116,0.09678807096920103,0.043016920430756014,0.010754230107689004,0.0,0.010754230107689004,0.03763980537691151,0.03763980537691151,0.06452538064613401,0.021508460215378007,0.010754230107689004,0.700100380010554,0.700100380010554,0.021508460215378007,0.0,0.010754230107689004,0.0,0.010754230107689004
117,0.10738252324931065,0.04295300929972426,0.0,0.02147650464986213,0.0,0.03758388313725873,0.032214756974793195,0.06442951394958639,0.04295300929972426,0.010738252324931065,0.6990602263530123,0.6990602263530123,0.0,0.0,0.010738252324931065,0.0,0.010738252324931065
118,0.09726517454333604,0.03890606981733442,0.01945303490866721,0.0,0.0,0.034042811090167616,0.03890606981733442,0.05835910472600163,0.03890606981733442,0.0,0.7003092567120195,0.7003092567120195,0.0,0.009726517454333604,0.0,0.009726517454333604,0.0
119,0.10741968939232022,0.042967875756928085,0.010741968939232021,0.03222590681769606,0.021483937878464043,0.03759689128731208,0.010741968939232021,0.06445181363539212,0.021483937878464043,0.010741968939232021,0.6993021779440045,0.6993021779440045,0.021483937878464043,0.0,0.010741968939232021,0.0,0.010741968939232021
120,0.0972697757626273,0.02918093272878819,0.0,0.00972697757626273,0.0,0.034044421516919554,0.03890791030505092,0.05836186545757638,0.03890791030505092,0.0,0.7003423854909165,0.7003423854909165,0.02918093272878819,0.00972697757626273,0.0,0.00972697757626273,0.0
121,0.08615973682621815,0.03230990130983181,0.0,0.021539934206554538,0.0,0.03769488486147044,0.03230990130983181,0.06461980261966362,0.03230990130983181,0.0,0.7011248584233502,0.7011248584233502,0.0,0.010769967103277269,0.0,0.010769967103277269,0.0
122,0.05391867505916676,0.04313494004733341,0.0,0.0,0.0,0.03774307254141673,0.04313494004733341,0.06470241007100011,0.04313494004733341,0.0,0.7020211492703512,0.7020211492703512,0.0,0.0,0.010783735011833353,0.0,0.010783735011833353
123,0.0563684374207434,0.021138164032778777,0.01409210935518585,0.021138164032778777,0.01409210935518585,0.02466119137157524,0.007046054677592925,0.042276328065557554,0.007046054677592925,0.0,0.7046054677592926,0.7046054677592926,0.0,0.0,0.007046054677592925,0.0,0.007046054677592925
124,0.05632790268317631,0.02112296350619112,0.014081975670794078,0.02112296350619112,0.0,0.024643457423889636,0.007040987835397039,0.04224592701238224,0.02112296350619112,0.0,0.7040987835397039,0.7040987835397039,0.035204939176985195,0.0,0.007040987835397039,0.0,0.007040987835397039
125,0.05632790268317631,0.02112296350619112,0.014081975670794078,0.02112296350619112,0.0,0.024643457423889636,0.007040987835397039,0.04224592701238224,0.02112296350619112,0.0,0.7040987835397039,0.7040987835397039,0.035204939176985195,0.0,0.007040987835397039,0.0,0.007040987835397039
126,0.05632790268317631,0.02112296350619112,0.014081975670794078,0.02112296350619112,0.0,0.024643457423889636,0.007040987835397039,0.04224592701238224,0.02112296350619112,0.0,0.7040987835397039,0.7040987835397039,0.035204939176985195,0.0,0.007040987835397039,0.0,0.007040987835397039
127,0.07536354953436532,0.04306488544820876,0.0,0.0,0.0,0.03768177476718266,0.04306488544820876,0.06459732817231313,0.04306488544820876,0.0,0.7008810106695974,0.7008810106695974,0.02153244272410438,0.01076622136205219,0.0,0.01076622136205219,0.0
128,0.053953193980459224,0.04316255518436738,0.02158127759218369,0.010790638796091845,0.02158127759218369,0.03776723578632146,0.02158127759218369,0.06474383277655107,0.02158127759218369,0.0,0.7024705856255791,0.7024705856255791,0.02158127759218369,0.010790638796091845,0.0,0.010790638796091845,0.0
129,0.12854074804794674,0.04284691601598224,0.0,0.0,0.0,0.037491051513984464,0.032135187011986685,0.06427037402397337,0.04284691601598224,0.0,0.6973335581601109,0.6973335581601109,0.02142345800799112,0.01071172900399556,0.0,0.01071172900399556,0.0
130,0.07533735668452898,0.04304991810544513,0.010762479526361283,0.021524959052722566,0.0,0.03766867834226449,0.04304991810544513,0.0645748771581677,0.04304991810544513,0.010762479526361283,0.7006374171661195,0.7006374171661195,0.021524959052722566,0.010762479526361283,0.0,0.010762479526361283,0.0
131,0.053937495345236494,0.0431499962761892,0.0,0.0215749981380946,0.0,0.03775624674166555,0.0323624972071419,0.0647249944142838,0.0323624972071419,0.0,0.7022661893949791,0.7022661893949791,0.0215749981380946,0.0107874990690473,0.0,0.0107874990690473,0.0
132,0.07032277511241755,0.021096832533725265,0.01406455502248351,0.0,0.0,0.02461297128934614,0.02812911004496702,0.04219366506745053,0.02812911004496702,0.007032277511241755,0.7032277511241755,0.7032277511241755,0.035161387556208776,0.0,0.007032277511241755,0.0,0.007032277511241755
133,0.03523464688568339,0.02818771750854671,0.007046929377136677,0.007046929377136677,0.0,0.02466425281997837,0.021140788131410033,0.042281576262820066,0.021140788131410033,0.007046929377136677,0.7046929377136677,0.7046929377136677,0.03523464688568339,0.007046929377136677,0.0,0.007046929377136677,0.0
134,0.039061587335863374,0.019530793667931687,0.0,0.0,0.0,0.034178888918880455,0.039061587335863374,0.05859238100379506,0.039061587335863374,0.0,0.7031085720455408,0.7031085720455408,0.039061587335863374,0.0,0.009765396833965843,0.0,0.009765396833965843
135,0.0646798493521392,0.0431198995680928,0.0,0.0323399246760696,0.0,0.037729912122081204,0.0323399246760696,0.0646798493521392,0.0323399246760696,0.0,0.7017763654707103,0.7017763654707103,0.0,0.0,0.0107799748920232,0.0,0.0107799748920232
136,0.03526355287804605,0.02821084230243684,0.0,0.0,0.0,0.024684487014632234,0.01410542115121842,0.04231626345365526,0.02115813172682763,0.0,0.705271057560921,0.705271057560921,0.0,0.0,0.00705271057560921,0.0,0.00705271057560921
137,0.07536245762012612,0.04306426149721493,0.010766065374303732,0.032298196122911196,0.0,0.03768122881006306,0.03768122881006306,0.06459639224582239,0.032298196122911196,0.010766065374303732,0.7008708558671729,0.7008708558671729,0.021532130748607464,0.010766065374303732,0.0,0.010766065374303732,0.0
138,0.07034191008843677,0.028136764035374705,0.0,0.007034191008843676,0.0,0.02461966853095287,0.02110257302653103,0.04220514605306206,0.02110257302653103,0.0,0.7034191008843677,0.7034191008843677,0.03517095504421838,0.0,0.007034191008843676,0.0,0.007034191008843676
139,0.1073268462964857,0.04293073851859428,0.01073268462964857,0.01073268462964857,0.0,0.037564396203769994,0.04293073851859428,0.06439610777789143,0.04293073851859428,0.01073268462964857,0.6986977693901218,0.6986977693901218,0.02146536925929714,0.0,0.01073268462964857,0.0,0.01073268462964857
140,0.04928569318124013,0.02816325324642293,0.0,0.0,0.0,0.024642846590620066,0.02816325324642293,0.0422448798696344,0.02816325324642293,0.0,0.7040813311605733,0.7040813311605733,0.035204066558028664,0.0070408133116057325,0.0,0.0070408133116057325,0.0
141,0.10745069067474979,0.03223520720242493,0.0,0.021490138134949956,0.0,0.03760774173616242,0.03223520720242493,0.06447041440484987,0.03223520720242493,0.0,0.699503996292621,0.699503996292621,0.021490138134949956,0.010745069067474978,0.0,0.010745069067474978,0.0
142,0.10733302834815918,0.04293321133926367,0.0,0.010733302834815918,0.0,0.037566559921855716,0.04293321133926367,0.06439981700889551,0.04293321133926367,0.010733302834815918,0.6987380145465162,0.6987380145465162,0.021466605669631836,0.0,0.010733302834815918,0.0,0.010733302834815918
143,0.07033495010819998,0.028133980043279994,0.0,0.014066990021639997,0.0,0.024617232537869994,0.021100485032459995,0.04220097006491999,0.021100485032459995,0.007033495010819998,0.7033495010819998,0.7033495010819998,0.03516747505409999,0.0,0.007033495010819998,0.0,0.007033495010819998
144,0.07031582081000491,0.028126328324001963,0.007031582081000491,0.0,0.0,0.02461053728350172,0.028126328324001963,0.04218949248600295,0.028126328324001963,0.007031582081000491,0.7031582081000491,0.7031582081000491,0.035157910405002456,0.007031582081000491,0.0,0.007031582081000491,0.0
145,0.05632790268317631,0.02112296350619112,0.014081975670794078,0.02112296350619112,0.0,0.024643457423889636,0.007040987835397039,0.04224592701238224,0.02112296350619112,0.0,0.7040987835397039,0.7040987835397039,0.035204939176985195,0.0,0.007040987835397039,0.0,0.007040987835397039
146,0.07033321043592397,0.02813328417436959,0.014066642087184795,0.0,0.0,0.024616623652573392,0.014066642087184795,0.04219992626155439,0.02813328417436959,0.0,0.7033321043592398,0.7033321043592398,0.035166605217961985,0.0,0.007033321043592397,0.0,0.007033321043592397
147,0.10730058448890654,0.04292023379556262,0.010730058448890654,0.03219017534667196,0.0,0.037555204571117294,0.037555204571117294,0.06438035069334393,0.04292023379556262,0.010730058448890654,0.6985268050227815,0.6985268050227815,0.02146011689778131,0.010730058448890654,0.0,0.010730058448890654,0.0
148,0.09718705358358884,0.038874821433435534,0.019437410716717767,0.009718705358358884,0.0,0.034015468754256095,0.038874821433435534,0.058312232150153305,0.038874821433435534,0.0,0.6997467858018397,0.6997467858018397,0.038874821433435534,0.0,0.009718705358358884,0.0,0.009718705358358884
149,0.10748171881355696,0.04299268752542278,0.0,0.0,0.0,0.037618601584744935,0.010748171881355696,0.06448903128813419,0.03224451564406709,0.0,0.6997059894762557,0.6997059894762557,0.02149634376271139,0.010748171881355696,0.0,0.010748171881355696,0.0
150,0.10740729639045817,0.04296291855618327,0.010740729639045817,0.021481459278091634,0.0,0.03759255373666036,0.010740729639045817,0.0644443778342749,0.04296291855618327,0.0,0.6992214995018826,0.6992214995018826,0.021481459278091634,0.0,0.010740729639045817,0.0,0.010740729639045817
151,0.0773225569245234,0.02811729342709942,0.01405864671354971,0.021087970070324567,0.0,0.024602631748711995,0.01405864671354971,0.04217594014064913,0.021087970070324567,0.0,0.7029323356774855,0.7029323356774855,0.03514661678387428,0.007029323356774855,0.0,0.007029323356774855,0.0
152,0.0563558483110329,0.02817792415551645,0.0,0.007044481038879113,0.0,0.024655683636076897,0.014088962077758225,0.04226688623327468,0.02817792415551645,0.0,0.7044481038879113,0.7044481038879113,0.0,0.007044481038879113,0.0,0.007044481038879113,0.0
153,0.02161401937076053,0.0324210290561408,0.010807009685380266,0.0,0.0,0.037824533898830934,0.0324210290561408,0.0648420581122816,0.0324210290561408,0.0,0.7035363305182553,0.7035363305182553,0.02161401937076053,0.0,0.010807009685380266,0.0,0.010807009685380266
154,0.08614474995238741,0.043072374976193706,0.021536187488096853,0.021536187488096853,0.021536187488096853,0.03768832810416949,0.010768093744048426,0.06460856246429056,0.021536187488096853,0.010768093744048426,0.7010029027375525,0.7010029027375525,0.0,0.0,0.010768093744048426,0.0,0.010768093744048426
155,0.08428735128118865,0.028095783760396217,0.0,0.021071837820297163,0.0,0.02458381079034669,0.021071837820297163,0.042143675640594326,0.028095783760396217,0.0,0.7023945940099054,0.7023945940099054,0.03511972970049527,0.007023945940099054,0.0,0.007023945940099054,0.0
156,0.10746930433278742,0.03224079129983623,0.010746930433278743,0.0,0.0,0.0376142565164756,0.010746930433278743,0.06448158259967246,0.04298772173311497,0.010746930433278743,0.6996251712064461,0.6996251712064461,0.021493860866557486,0.0,0.010746930433278743,0.0,0.010746930433278743
157,0.10734539565697189,0.04293815826278875,0.021469079131394377,0.03220361869709157,0.0,0.03757088847994016,0.03220361869709157,0.06440723739418314,0.03220361869709157,0.010734539565697188,0.698818525726887,0.698818525726887,0.021469079131394377,0.010734539565697188,0.0,0.010734539565697188,0.0
158,0.0,0.03240400323045548,0.0,0.0,0.0,0.037804670435531394,0.04320533764060731,0.06480800646091096,0.04320533764060731,0.0,0.7031668701008839,0.7031668701008839,0.021602668820303653,0.010801334410151827,0.0,0.010801334410151827,0.0
159,0.09720082595780775,0.0388803303831231,0.009720082595780775,0.009720082595780775,0.0,0.03402028908523271,0.0388803303831231,0.058320495574684654,0.0388803303831231,0.0,0.6998459468962158,0.6998459468962158,0.0388803303831231,0.0,0.009720082595780775,0.0,0.009720082595780775
160,0.0968104664914569,0.043026873996203065,0.010756718499050766,0.0,0.010756718499050766,0.03764851474667768,0.03764851474667768,0.0645403109943046,0.021513436998101532,0.010756718499050766,0.7002623742882048,0.7002623742882048,0.0,0.0,0.010756718499050766,0.0,0.010756718499050766
161,0.10738252324931065,0.04295300929972426,0.0,0.02147650464986213,0.0,0.03758388313725873,0.032214756974793195,0.06442951394958639,0.04295300929972426,0.010738252324931065,0.6990602263530123,0.6990602263530123,0.0,0.0,0.010738252324931065,0.0,0.010738252324931065
162,0.09726517454333604,0.03890606981733442,0.01945303490866721,0.0,0.0,0.034042811090167616,0.03890606981733442,0.05835910472600163,0.03890606981733442,0.0,0.7003092567120195,0.7003092567120195,0.0,0.009726517454333604,0.0,0.009726517454333604,0.0
163,0.10741968939232022,0.042967875756928085,0.010741968939232021,0.03222590681769606,0.021483937878464043,0.03759689128731208,0.010741968939232021,0.06445181363539212,0.021483937878464043,0.010741968939232021,0.6993021779440045,0.6993021779440045,0.021483937878464043,0.0,0.010741968939232021,0.0,0.010741968939232021
164,0.0972697757626273,0.02918093272878819,0.0,0.00972697757626273,0.0,0.034044421516919554,0.03890791030505092,0.05836186545757638,0.03890791030505092,0.0,0.7003423854909165,0.7003423854909165,0.02918093272878819,0.00972697757626273,0.0,0.00972697757626273,0.0
165,0.08615973682621815,0.03230990130983181,0.0,0.021539934206554538,0.0,0.03769488486147044,0.03230990130983181,0.06461980261966362,0.03230990130983181,0.0,0.7011248584233502,0.7011248584233502,0.0,0.010769967103277269,0.0,0.010769967103277269,0.0
166,0.05390613914113864,0.043124911312910914,0.0,0.0,0.0,0.03773429739879705,0.043124911312910914,0.06468736696936637,0.043124911312910914,0.0,0.7018579316176251,0.7018579316176251,0.021562455656455457,0.0,0.010781227828227729,0.0,0.010781227828227729
167,0.05632790268317631,0.02112296350619112,0.014081975670794078,0.02112296350619112,0.0,0.024643457423889636,0.007040987835397039,0.04224592701238224,0.02112296350619112,0.0,0.7040987835397039,0.7040987835397039,0.035204939176985195,0.0,0.007040987835397039,0.0,0.007040987835397039
168,0.07536354953436532,0.04306488544820876,0.0,0.0,0.0,0.03768177476718266,0.04306488544820876,0.06459732817231313,0.04306488544820876,0.0,0.7008810106695974,0.7008810106695974,0.02153244272410438,0.01076622136205219,0.0,0.01076622136205219,0.0
169,0.053953193980459224,0.04316255518436738,0.02158127759218369,0.010790638796091845,0.02158127759218369,0.03776723578632146,0.02158127759218369,0.06474383277655107,0.02158127759218369,0.0,0.7024705856255791,0.7024705856255791,0.02158127759218369,0.010790638796091845,0.0,0.010790638796091845,0.0
170,0.12854074804794674,0.04284691601598224,0.0,0.0,0.0,0.037491051513984464,0.032135187011986685,0.06427037402397337,0.04284691601598224,0.0,0.6973335581601109,0.6973335581601109,0.02142345800799112,0.01071172900399556,0.0,0.01071172900399556,0.0
171,0.07533735668452898,0.04304991810544513,0.010762479526361283,0.021524959052722566,0.0,0.03766867834226449,0.04304991810544513,0.0645748771581677,0.04304991810544513,0.010762479526361283,0.7006374171661195,0.7006374171661195,0.021524959052722566,0.010762479526361283,0.0,0.010762479526361283,0.0
172,0.053937495345236494,0.0431499962761892,0.0,0.0215749981380946,0.0,0.03775624674166555,0.0323624972071419,0.0647249944142838,0.0323624972071419,0.0,0.7022661893949791,0.7022661893949791,0.0215749981380946,0.0107874990690473,0.0,0.0107874990690473,0.0
173,0.07032277511241755,0.021096832533725265,0.01406455502248351,0.0,0.0,0.02461297128934614,0.02812911004496702,0.04219366506745053,0.02812911004496702,0.007032277511241755,0.7032277511241755,0.7032277511241755,0.035161387556208776,0.0,0.007032277511241755,0.0,0.007032277511241755
174,0.03523464688568339,0.02818771750854671,0.007046929377136677,0.007046929377136677,0.0,0.02466425281997837,0.021140788131410033,0.042281576262820066,0.021140788131410033,0.007046929377136677,0.7046929377136677,0.7046929377136677,0.03523464688568339,0.007046929377136677,0.0,0.007046929377136677,0.0
175,0.039061587335863374,0.019530793667931687,0.0,0.0,0.0,0.034178888918880455,0.039061587335863374,0.05859238100379506,0.039061587335863374,0.0,0.7031085720455408,0.7031085720455408,0.039061587335863374,0.0,0.009765396833965843,0.0,0.009765396833965843
176,0.06466482197724853,0.043109881318165684,0.0,0.032332410988624265,0.0,0.037721146153394974,0.032332410988624265,0.06466482197724853,0.032332410988624265,0.0,0.7016133184531465,0.7016133184531465,0.021554940659082842,0.0,0.010777470329541421,0.0,0.010777470329541421
177,0.03526355287804605,0.02821084230243684,0.0,0.0,0.0,0.024684487014632234,0.01410542115121842,0.04231626345365526,0.02115813172682763,0.0,0.705271057560921,0.705271057560921,0.0,0.0,0.00705271057560921,0.0,0.00705271057560921
178,0.07536245762012612,0.04306426149721493,0.010766065374303732,0.032298196122911196,0.0,0.03768122881006306,0.03768122881006306,0.06459639224582239,0.032298196122911196,0.010766065374303732,0.7008708558671729,0.7008708558671729,0.021532130748607464,0.010766065374303732,0.0,0.010766065374303732,0.0
179,0.07034191008843677,0.028136764035374705,0.0,0.007034191008843676,0.0,0.02461966853095287,0.02110257302653103,0.04220514605306206,0.02110257302653103,0.0,0.7034191008843677,0.7034191008843677,0.03517095504421838,0.0,0.007034191008843676,0.0,0.007034191008843676
180,0.10735158091472674,0.0429406323658907,0.010735158091472675,0.010735158091472675,0.0,0.03757305332015436,0.0429406323658907,0.06441094854883604,0.0429406323658907,0.010735158091472675,0.6988587917548711,0.6988587917548711,0.0,0.0,0.010735158091472675,0.0,0.010735158091472675
181,0.04928569318124013,0.02816325324642293,0.0,0.0,0.0,0.024642846590620066,0.02816325324642293,0.0422448798696344,0.02816325324642293,0.0,0.7040813311605733,0.7040813311605733,0.035204066558028664,0.0070408133116057325,0.0,0.0070408133116057325,0.0
182,0.10745069067474979,0.03223520720242493,0.0,0.021490138134949956,0.0,0.03760774173616242,0.03223520720242493,0.06447041440484987,0.03223520720242493,0.0,0.699503996292621,0.699503996292621,0.021490138134949956,0.010745069067474978,0.0,0.010745069067474978,0.0
183,0.10733302834815918,0.04293321133926367,0.0,0.010733302834815918,0.0,0.037566559921855716,0.04293321133926367,0.06439981700889551,0.04293321133926367,0.010733302834815918,0.6987380145465162,0.6987380145465162,0.021466605669631836,0.0,0.010733302834815918,0.0,0.010733302834815918
184,0.07033495010819998,0.028133980043279994,0.0,0.014066990021639997,0.0,0.024617232537869994,0.021100485032459995,0.04220097006491999,0.021100485032459995,0.007033495010819998,0.7033495010819998,0.7033495010819998,0.03516747505409999,0.0,0.007033495010819998,0.0,0.007033495010819998
185,0.07031582081000491,0.028126328324001963,0.007031582081000491,0.0,0.0,0.02461053728350172,0.028126328324001963,0.04218949248600295,0.028126328324001963,0.007031582081000491,0.7031582081000491,0.7031582081000491,0.035157910405002456,0.007031582081000491,0.0,0.007031582081000491,0.0
186,0.10744913997311151,0.0429796559892446,0.01074491399731115,0.0,0.0,0.03760719899058903,0.03760719899058903,0.06446948398386691,0.01074491399731115,0.01074491399731115,0.6994939012249559,0.6994939012249559,0.0214898279946223,0.01074491399731115,0.0,0.01074491399731115,0.0
187,0.10750034860403944,0.04300013944161578,0.010750034860403945,0.0,0.0,0.037625122011413804,0.010750034860403945,0.06450020916242366,0.02150006972080789,0.010750034860403945,0.6998272694122967,0.6998272694122967,0.02150006972080789,0.010750034860403945,0.0,0.010750034860403945,0.0
188,0.10750034860403944,0.04300013944161578,0.010750034860403945,0.0,0.0,0.037625122011413804,0.010750034860403945,0.06450020916242366,0.02150006972080789,0.010750034860403945,0.6998272694122967,0.6998272694122967,0.02150006972080789,0.010750034860403945,0.0,0.010750034860403945,0.0
189,0.10750034860403944,0.04300013944161578,0.010750034860403945,0.0,0.0,0.037625122011413804,0.010750034860403945,0.06450020916242366,0.02150006972080789,0.010750034860403945,0.6998272694122967,0.6998272694122967,0.02150006972080789,0.010750034860403945,0.0,0.010750034860403945,0.0
190,0.10750034860403944,0.04300013944161578,0.010750034860403945,0.0,0.0,0.037625122011413804,0.010750034860403945,0.06450020916242366,0.02150006972080789,0.010750034860403945,0.6998272694122967,0.6998272694122967,0.02150006972080789,0.010750034860403945,0.0,0.010750034860403945,0.0
191,0.10750034860403944,0.04300013944161578,0.010750034860403945,0.0,0.0,0.037625122011413804,0.010750034860403945,0.06450020916242366,0.02150006972080789,0.010750034860403945,0.6998272694122967,0.6998272694122967,0.02150006972080789,0.010750034860403945,0.0,0.010750034860403945,0.0
192,0.1075252034004887,0.043010081360195476,0.010752520340048869,0.0,0.0,0.03763382119017104,0.010752520340048869,0.06451512204029322,0.021505040680097738,0.010752520340048869,0.6999890741371814,0.6999890741371814,0.0,0.010752520340048869,0.0,0.010752520340048869,0.0
193,0.10750034860403944,0.04300013944161578,0.010750034860403945,0.0,0.0,0.037625122011413804,0.010750034860403945,0.06450020916242366,0.02150006972080789,0.010750034860403945,0.6998272694122967,0.6998272694122967,0.02150006972080789,0.010750034860403945,0.0,0.010750034860403945,0.0
194,0.10750034860403944,0.04300013944161578,0.010750034860403945,0.0,0.0,0.037625122011413804,0.010750034860403945,0.06450020916242366,0.02150006972080789,0.010750034860403945,0.6998272694122967,0.6998272694122967,0.02150006972080789,0.010750034860403945,0.0,0.010750034860403945,0.0
195,0.1075252034004887,0.043010081360195476,0.010752520340048869,0.0,0.0,0.03763382119017104,0.010752520340048869,0.06451512204029322,0.021505040680097738,0.010752520340048869,0.6999890741371814,0.6999890741371814,0.0,0.010752520340048869,0.0,0.010752520340048869,0.0
196,0.1075252034004887,0.043010081360195476,0.010752520340048869,0.0,0.0,0.03763382119017104,0.010752520340048869,0.06451512204029322,0.021505040680097738,0.010752520340048869,0.6999890741371814,0.6999890741371814,0.0,0.010752520340048869,0.0,0.010752520340048869,0.0
197,0.10750034860403944,0.04300013944161578,0.010750034860403945,0.0,0.0,0.037625122011413804,0.010750034860403945,0.06450020916242366,0.02150006972080789,0.010750034860403945,0.6998272694122967,0.6998272694122967,0.02150006972080789,0.010750034860403945,0.0,0.010750034860403945,0.0
198,0.10750656068726455,0.04300262427490582,0.010750656068726454,0.0,0.0,0.03762729624054259,0.010750656068726454,0.06450393641235873,0.02150131213745291,0.0,0.6998677100740922,0.6998677100740922,0.02150131213745291,0.010750656068726454,0.0,0.010750656068726454,0.0
199,0.10750656068726455,0.04300262427490582,0.0,0.02150131213745291,0.0,0.03762729624054259,0.010750656068726454,0.06450393641235873,0.02150131213745291,0.010750656068726454,0.6998677100740922,0.6998677100740922,0.0,0.0,0.010750656068726454,0.0,0.010750656068726454
200,0.10748792766749661,0.04299517106699865,0.021497585533499324,0.0,0.0,0.03762077468362381,0.010748792766749662,0.06449275660049797,0.021497585533499324,0.0,0.6997464091154029,0.6997464091154029,0.021497585533499324,0.0,0.010748792766749662,0.0,0.010748792766749662
201,0.10750034860403944,0.04300013944161578,0.010750034860403945,0.0,0.0,0.037625122011413804,0.010750034860403945,0.06450020916242366,0.02150006972080789,0.010750034860403945,0.6998272694122967,0.6998272694122967,0.02150006972080789,0.010750034860403945,0.0,0.010750034860403945,0.0
202,0.10750034860403944,0.04300013944161578,0.010750034860403945,0.0,0.0,0.037625122011413804,0.010750034860403945,0.06450020916242366,0.02150006972080789,0.010750034860403945,0.6998272694122967,0.6998272694122967,0.02150006972080789,0.010750034860403945,0.0,0.010750034860403945,0.0
203,0.10750034860403944,0.04300013944161578,0.010750034860403945,0.0,0.0,0.037625122011413804,0.010750034860403945,0.06450020916242366,0.02150006972080789,0.010750034860403945,0.6998272694122967,0.6998272694122967,0.02150006972080789,0.010750034860403945,0.0,0.010750034860403945,0.0
204,0.10745224144352898,0.04298089657741159,0.010745224144352897,0.0,0.0,0.05372612072176449,0.010745224144352897,0.06447134486611739,0.021490448288705794,0.0,0.6995140917973736,0.6995140917973736,0.0,0.0,0.010745224144352897,0.0,0.010745224144352897
205,0.10754385581557667,0.032263156744673005,0.010754385581557667,0.0,0.0,0.03764034953545183,0.010754385581557667,0.06452631348934601,0.021508771163115333,0.010754385581557667,0.7001105013594041,0.7001105013594041,0.021508771163115333,0.0,0.010754385581557667,0.0,0.010754385581557667
206,0.10742743719726104,0.04297097487890442,0.010742743719726104,0.0,0.0,0.05371371859863052,0.010742743719726104,0.06445646231835662,0.02148548743945221,0.0,0.6993526161541693,0.6993526161541693,0.02148548743945221,0.0,0.010742743719726104,0.0,0.010742743719726104
207,0.10747085590763583,0.03224125677229075,0.010747085590763584,0.0,0.0,0.053735427953817916,0.010747085590763584,0.0644825135445815,0.021494171181527168,0.0,0.6996352719587092,0.6996352719587092,0.021494171181527168,0.0,0.010747085590763584,0.0,0.010747085590763584
208,0.10747085590763583,0.03224125677229075,0.010747085590763584,0.0,0.0,0.053735427953817916,0.010747085590763584,0.0644825135445815,0.021494171181527168,0.0,0.6996352719587092,0.6996352719587092,0.021494171181527168,0.0,0.010747085590763584,0.0,0.010747085590763584
209,0.10754385581557667,0.032263156744673005,0.010754385581557667,0.0,0.0,0.03764034953545183,0.010754385581557667,0.06452631348934601,0.021508771163115333,0.010754385581557667,0.7001105013594041,0.7001105013594041,0.021508771163115333,0.0,0.010754385581557667,0.0,0.010754385581557667
210,0.1074956902482479,0.03224870707447437,0.01074956902482479,0.0,0.0,0.05374784512412395,0.01074956902482479,0.06449741414894875,0.02149913804964958,0.0,0.6997969435160938,0.6997969435160938,0.0,0.0,0.01074956902482479,0.0,0.01074956902482479
211,0.10747085590763583,0.03224125677229075,0.010747085590763584,0.0,0.0,0.053735427953817916,0.010747085590763584,0.0644825135445815,0.021494171181527168,0.0,0.6996352719587092,0.6996352719587092,0.021494171181527168,0.0,0.010747085590763584,0.0,0.010747085590763584
212,0.10747085590763583,0.03224125677229075,0.010747085590763584,0.0,0.0,0.053735427953817916,0.010747085590763584,0.0644825135445815,0.021494171181527168,0.0,0.6996352719587092,0.6996352719587092,0.021494171181527168,0.0,0.010747085590763584,0.0,0.010747085590763584
213,0.10756407355663589,0.04302562942265435,0.0,0.0,0.0,0.021512814711327176,0.010756407355663588,0.06453844413398153,0.021512814711327176,0.0,0.7002421188536996,0.7002421188536996,0.021512814711327176,0.010756407355663588,0.0,0.010756407355663588,0.0
214,0.049270124891629415,0.028154357080931093,0.0,0.007038589270232773,0.0,0.007038589270232773,0.007038589270232773,0.06334730343209496,0.02111576781069832,0.0,0.7038589270232773,0.7038589270232773,0.035192946351163865,0.007038589270232773,0.0,0.007038589270232773,0.0
215,0.08572999777425684,0.048988570156718196,0.012247142539179549,0.012247142539179549,0.0,0.024494285078359098,0.048988570156718196,0.09797714031343639,0.048988570156718196,0.0,0.6980871247332342,0.6980871247332342,0.0,0.0,0.012247142539179549,0.0,0.012247142539179549
216,0.10752675739773936,0.043010702959095745,0.010752675739773936,0.010752675739773936,0.0,0.021505351479547873,0.021505351479547873,0.05376337869886968,0.043010702959095745,0.0,0.6999991906592832,0.6999991906592832,0.021505351479547873,0.0,0.010752675739773936,0.0,0.010752675739773936
217,0.029307721615428575,0.029307721615428575,0.019538481076952382,0.029307721615428575,0.0,0.029307721615428575,0.039076962153904764,0.05861544323085715,0.039076962153904764,0.0,0.7033853187702858,0.7033853187702858,0.0,0.0,0.009769240538476191,0.0,0.009769240538476191
218,0.09752501227779029,0.029257503683337086,0.019505002455558057,0.0,0.0,0.019505002455558057,0.029257503683337086,0.029257503683337086,0.029257503683337086,0.0,0.70218008840009,0.70218008840009,0.0,0.009752501227779029,0.0,0.009752501227779029,0.0
219,0.04928722027860901,0.028164125873490865,0.014082062936745432,0.02112309440511815,0.0,0.02112309440511815,0.028164125873490865,0.03520515734186358,0.028164125873490865,0.0,0.7041031468372716,0.7041031468372716,0.03520515734186358,0.0,0.007041031468372716,0.0,0.007041031468372716
220,0.09690486625334045,0.029071459876002136,0.01938097325066809,0.029071459876002136,0.0,0.029071459876002136,0.03876194650133618,0.09690486625334045,0.03876194650133618,0.0,0.6977150370240512,0.6977150370240512,0.03876194650133618,0.0,0.009690486625334045,0.0,0.009690486625334045
221,0.7198157507486945,0.2879263002994778,0.1439631501497389,0.07198157507486945,0.0,0.21594472522460836,0.21594472522460836,0.4318894504492167,0.2879263002994778,0.0,0.0,0.0,0.0,0.0,0.07198157507486945,0.0,0.07198157507486945
222,0.06820914642967907,0.03897665510267375,0.019488327551336875,0.009744163775668438,0.0,0.029232491327005315,0.029232491327005315,0.06820914642967907,0.03897665510267375,0.0,0.7015797918481276,0.7015797918481276,0.029232491327005315,0.0,0.009744163775668438,0.0,0.009744163775668438
223,0.09154433898203616,0.039233288135158355,0.0261555254234389,0.0261555254234389,0.0,0.0261555254234389,0.0523110508468778,0.14385538982891397,0.0523110508468778,0.0,0.693121423721131,0.693121423721131,0.0261555254234389,0.0,0.01307776271171945,0.0,0.01307776271171945
224,0.04923233403649923,0.02813276230657099,0.007033190576642747,0.007033190576642747,0.0,0.021099571729928244,0.02813276230657099,0.06329871518978472,0.02813276230657099,0.0,0.7033190576642747,0.7033190576642747,0.03516595288321374,0.0,0.007033190576642747,0.0,0.007033190576642747
225,0.06810576001719588,0.03891757715268337,0.019458788576341684,0.019458788576341684,0.0,0.029188182864512524,0.03891757715268337,0.07783515430536674,0.03891757715268337,0.0,0.7005163887483006,0.7005163887483006,0.03891757715268337,0.0,0.009729394288170842,0.0,0.009729394288170842
226,0.032503223621916384,0.032503223621916384,0.010834407873972128,0.010834407873972128,0.010834407873972128,0.021668815747944256,0.021668815747944256,0.021668815747944256,0.021668815747944256,0.0,0.7053199525955854,0.7053199525955854,0.021668815747944256,0.0,0.010834407873972128,0.0,0.010834407873972128
227,0.10768249819980917,0.04307299927992367,0.010768249819980917,0.03230474945994275,0.021536499639961834,0.03230474945994275,0.010768249819980917,0.010768249819980917,0.010768249819980917,0.0,0.7010130632807576,0.7010130632807576,0.021536499639961834,0.010768249819980917,0.0,0.010768249819980917,0.0
228,0.10756407355663589,0.03226922206699077,0.010756407355663588,0.03226922206699077,0.0,0.021512814711327176,0.021512814711327176,0.05378203677831794,0.03226922206699077,0.0,0.7002421188536996,0.7002421188536996,0.021512814711327176,0.010756407355663588,0.0,0.010756407355663588,0.0
229,0.10734694187117966,0.032204082561353896,0.010734694187117966,0.010734694187117966,0.0,0.021469388374235933,0.042938776748471866,0.07514285930982577,0.042938776748471866,0.0,0.6988285915813796,0.6988285915813796,0.021469388374235933,0.0,0.010734694187117966,0.0,0.010734694187117966
230,0.07025029103438668,0.021075087310316005,0.0070250291034386686,0.021075087310316005,0.0,0.014050058206877337,0.028100116413754674,0.06322526193094802,0.028100116413754674,0.0,0.7025029103438668,0.7025029103438668,0.03512514551719334,0.0,0.0070250291034386686,0.0,0.0070250291034386686
231,0.10764505869635273,0.03229351760890582,0.0,0.03229351760890582,0.0,0.021529011739270548,0.010764505869635274,0.043058023478541096,0.03229351760890582,0.0,0.7007693321132562,0.7007693321132562,0.021529011739270548,0.010764505869635274,0.0,0.010764505869635274,0.0
232,0.6608186004550898,0.13216372009101796,0.06608186004550898,0.06608186004550898,0.0,0.13216372009101796,0.2643274401820359,0.5947367404095808,0.2643274401820359,0.0,0.0,0.0,0.13216372009101796,0.0,0.06608186004550898,0.0,0.06608186004550898
233,0.12803687993289598,0.05121475197315839,0.012803687993289598,0.03841106397986879,0.0,0.025607375986579195,0.05121475197315839,0.12803687993289598,0.05121475197315839,0.0,0.6913991516376383,0.6913991516376383,0.025607375986579195,0.0,0.012803687993289598,0.0,0.012803687993289598
234,0.1070819715809312,0.0,0.021416394316186242,0.010708197158093121,0.0,0.03212459147427936,0.03212459147427936,0.1070819715809312,0.042832788632372484,0.0,0.6971036349918621,0.6971036349918621,0.021416394316186242,0.0,0.010708197158093121,0.0,0.010708197158093121
235,0.032402585622118264,0.01080086187403942,0.0,0.02160172374807884,0.0,0.01080086187403942,0.032402585622118264,0.07560603311827595,0.04320344749615768,0.01080086187403942,0.7031361079999663,0.7031361079999663,0.02160172374807884,0.0,0.01080086187403942,0.0,0.01080086187403942
236,0.15973951748802795,0.04792185524640838,0.03194790349760559,0.015973951748802794,0.0,0.04792185524640838,0.06389580699521118,0.12779161399042235,0.06389580699521118,0.0,0.6868799251985201,0.6868799251985201,0.0,0.0,0.015973951748802794,0.0,0.015973951748802794
237,0.18637135707254343,0.055911407121763027,0.03727427141450868,0.055911407121763027,0.0,0.055911407121763027,0.07454854282901736,0.20500849277979777,0.07454854282901736,0.0,0.6709368854611564,0.6709368854611564,0.01863713570725434,0.0,0.01863713570725434,0.0,0.01863713570725434
238,0.10742743719726104,0.04297097487890442,0.010742743719726104,0.03222823115917831,0.0,0.02148548743945221,0.010742743719726104,0.06445646231835662,0.04297097487890442,0.0,0.6993526161541693,0.6993526161541693,0.02148548743945221,0.0,0.010742743719726104,0.0,0.010742743719726104
239,0.3312945782245396,0.3312945782245396,0.11043152607484653,0.0,0.0,0.22086305214969307,0.44172610429938614,0.5521576303742327,0.44172610429938614,0.0,0.0,0.0,0.0,0.0,0.11043152607484653,0.0,0.11043152607484653
240,0.03242907836373957,0.03242907836373957,0.021619385575826384,0.021619385575826384,0.0,0.03242907836373957,0.03242907836373957,0.04323877115165277,0.04323877115165277,0.0,0.7037110004931487,0.7037110004931487,0.021619385575826384,0.0,0.010809692787913192,0.0,0.010809692787913192
241,0.1426825363838374,0.05707301455353496,0.01426825363838374,0.0,0.0,0.04280476091515122,0.05707301455353496,0.1712190436606049,0.05707301455353496,0.0,0.6848761746424196,0.6848761746424196,0.0,0.0,0.01426825363838374,0.0,0.01426825363838374
242,0.029279790872768503,0.03903972116369134,0.009759930290922834,0.029279790872768503,0.0,0.029279790872768503,0.03903972116369134,0.05855958174553701,0.03903972116369134,0.0,0.702714980946444,0.702714980946444,0.03903972116369134,0.0,0.009759930290922834,0.0,0.009759930290922834
243,0.7832604499879574,0.2349781349963872,0.07832604499879574,0.0,0.0,0.15665208999759148,0.2349781349963872,0.3916302249939787,0.2349781349963872,0.0,0.0,0.0,0.15665208999759148,0.07832604499879574,0.0,0.07832604499879574,0.0
244,0.7930515857181442,0.23791547571544325,0.07930515857181442,0.0,0.0,0.15861031714362883,0.23791547571544325,0.3965257928590721,0.23791547571544325,0.0,0.0,0.0,0.0,0.07930515857181442,0.0,0.07930515857181442,0.0
245,0.06823182503600111,0.029242210729714762,0.019494807153143175,0.009747403576571587,0.0,0.029242210729714762,0.029242210729714762,0.06823182503600111,0.03898961430628635,0.0,0.7018130575131543,0.7018130575131543,0.029242210729714762,0.0,0.009747403576571587,0.0,0.009747403576571587
246,0.09729394288170841,0.03891757715268337,0.019458788576341684,0.019458788576341684,0.0,0.029188182864512524,0.019458788576341684,0.048646971440854204,0.03891757715268337,0.0,0.7005163887483006,0.7005163887483006,0.03891757715268337,0.0,0.009729394288170842,0.0,0.009729394288170842
247,0.09732619374563063,0.029197858123689188,0.019465238749126125,0.019465238749126125,0.0,0.029197858123689188,0.019465238749126125,0.048663096872815316,0.03893047749825225,0.0,0.7007485949685406,0.7007485949685406,0.03893047749825225,0.0,0.009732619374563063,0.0,0.009732619374563063
248,0.10731603027593561,0.04292641211037424,0.01073160302759356,0.01073160302759356,0.0,0.03219480908278068,0.03219480908278068,0.07512122119315492,0.04292641211037424,0.0,0.6986273570963407,0.6986273570963407,0.02146320605518712,0.0,0.01073160302759356,0.0,0.01073160302759356
249,0.10735931399067315,0.03220779419720195,0.010735931399067315,0.010735931399067315,0.0,0.03220779419720195,0.03220779419720195,0.0751515197934712,0.04294372559626926,0.0,0.6989091340792821,0.6989091340792821,0.02147186279813463,0.0,0.010735931399067315,0.0,0.010735931399067315
250,0.03241960921219291,0.03241960921219291,0.010806536404064305,0.03241960921219291,0.0,0.02161307280812861,0.02161307280812861,0.06483921842438582,0.03241960921219291,0.0,0.7035055199045861,0.7035055199045861,0.02161307280812861,0.010806536404064305,0.0,0.010806536404064305,0.0
251,0.0702381599416454,0.02809526397665816,0.00702381599416454,0.01404763198832908,0.0,0.02107144798249362,0.02809526397665816,0.06321434394748086,0.02809526397665816,0.0,0.702381599416454,0.702381599416454,0.0351190799708227,0.0,0.00702381599416454,0.0,0.00702381599416454
252,0.070258959949981,0.021077687984994303,0.007025895994998101,0.014051791989996202,0.0,0.014051791989996202,0.028103583979992405,0.0632330639549829,0.028103583979992405,0.0,0.7025895994998101,0.7025895994998101,0.0351294799749905,0.0,0.007025895994998101,0.0,0.007025895994998101
253,0.09207338730881487,0.03946002313234923,0.01315334104411641,0.01315334104411641,0.0,0.02630668208823282,0.05261336417646564,0.10522672835293129,0.05261336417646564,0.0,0.6971270753381698,0.6971270753381698,0.0,0.0,0.01315334104411641,0.0,0.01315334104411641
254,0.6495698024616309,0.25982792098465235,0.06495698024616309,0.06495698024616309,0.0,0.12991396049232617,0.25982792098465235,0.5846128222154678,0.25982792098465235,0.0,0.0,0.0,0.0,0.0,0.06495698024616309,0.0,0.06495698024616309
255,0.1278379428442847,0.03835138285328541,0.01278379428442847,0.03835138285328541,0.0,0.03835138285328541,0.05113517713771388,0.14062173712871318,0.05113517713771388,0.0,0.6903248913591373,0.6903248913591373,0.02556758856885694,0.0,0.01278379428442847,0.0,0.01278379428442847
256,0.09725252455634761,0.038901009822539044,0.009725252455634761,0.019450504911269522,0.0,0.02917575736690428,0.038901009822539044,0.04862626227817381,0.038901009822539044,0.0,0.7002181768057028,0.7002181768057028,0.038901009822539044,0.0,0.009725252455634761,0.0,0.009725252455634761
257,0.032359202435682126,0.032359202435682126,0.0,0.021572801623788086,0.0,0.010786400811894043,0.032359202435682126,0.08629120649515234,0.04314560324757617,0.010786400811894043,0.7021946928543021,0.7021946928543021,0.021572801623788086,0.0,0.010786400811894043,0.0,0.010786400811894043
258,0.06413536872135192,0.06413536872135192,0.02137845624045064,0.02137845624045064,0.0,0.04275691248090128,0.08551382496180256,0.19240610616405573,0.08551382496180256,0.0,0.6841105996944205,0.6841105996944205,0.02137845624045064,0.0,0.02137845624045064,0.0,0.02137845624045064
259,0.009000247510209843,0.04500123755104922,0.0,0.0,0.0,0.04500123755104922,0.02700074253062953,0.18000495020419688,0.02700074253062953,0.0,0.693019058286158,0.693019058286158,0.03600099004083937,0.009000247510209843,0.0,0.009000247510209843,0.0
260,0.009000247510209843,0.04500123755104922,0.0,0.0,0.0,0.04500123755104922,0.02700074253062953,0.18000495020419688,0.02700074253062953,0.0,0.693019058286158,0.693019058286158,0.03600099004083937,0.009000247510209843,0.0,0.009000247510209843,0.0
261,0.009000247510209843,0.04500123755104922,0.0,0.0,0.0,0.04500123755104922,0.02700074253062953,0.18000495020419688,0.02700074253062953,0.0,0.693019058286158,0.693019058286158,0.03600099004083937,0.009000247510209843,0.0,0.009000247510209843,0.0
262,0.09705536452442545,0.038822145809770184,0.009705536452442546,0.0,0.0,0.019411072904885092,0.029116609357327638,0.09705536452442545,0.038822145809770184,0.0,0.6987986245758633,0.6987986245758633,0.0,0.0,0.009705536452442546,0.0,0.009705536452442546
263,0.10750190152388925,0.043000760609555704,0.021500380304777852,0.032250570457166776,0.021500380304777852,0.032250570457166776,0.021500380304777852,0.043000760609555704,0.032250570457166776,0.0,0.699837378920519,0.699837378920519,0.021500380304777852,0.0,0.010750190152388926,0.0,0.010750190152388926
264,0.0703684639803316,0.028147385592132642,0.0,0.0070368463980331605,0.0,0.02111053919409948,0.02111053919409948,0.04925792478623212,0.02111053919409948,0.0,0.7036846398033161,0.7036846398033161,0.0,0.0070368463980331605,0.0,0.0070368463980331605,0.0
265,0.03241960921219291,0.010806536404064305,0.010806536404064305,0.02161307280812861,0.0,0.03241960921219291,0.04322614561625722,0.05403268202032152,0.04322614561625722,0.0,0.7035055199045861,0.7035055199045861,0.02161307280812861,0.0,0.010806536404064305,0.0,0.010806536404064305
266,0.6139406135149205,0.3508232077228117,0.08770580193070293,0.08770580193070293,0.0,0.17541160386140586,0.17541160386140586,0.5262348115842176,0.3508232077228117,0.08770580193070293,0.0,0.0,0.0,0.0,0.08770580193070293,0.0,0.08770580193070293
267,0.10775749455124183,0.03232724836537255,0.010775749455124183,0.010775749455124183,0.021551498910248365,0.021551498910248365,0.010775749455124183,0.03232724836537255,0.021551498910248365,0.010775749455124183,0.7015012895285843,0.7015012895285843,0.0,0.010775749455124183,0.0,0.010775749455124183,0.0
268,0.03240447580791627,0.03240447580791627,0.01080149193597209,0.02160298387194418,0.0,0.03240447580791627,0.04320596774388836,0.054007459679860446,0.04320596774388836,0.0,0.703177125031783,0.703177125031783,0.02160298387194418,0.0,0.01080149193597209,0.0,0.01080149193597209
269,0.5025707110324167,0.21538744758532144,0.14359163172354764,0.21538744758532144,0.0,0.14359163172354764,0.28718326344709527,0.6461623427559643,0.28718326344709527,0.0,0.0,0.0,0.14359163172354764,0.0,0.07179581586177382,0.0,0.07179581586177382
270,0.09682760956526493,0.03873104382610597,0.009682760956526492,0.029048282869579476,0.0,0.009682760956526492,0.03873104382610597,0.10651037052179142,0.03873104382610597,0.0,0.6971587888699075,0.6971587888699075,0.03873104382610597,0.0,0.009682760956526492,0.0,0.009682760956526492
271,0.09720656617536975,0.038882626470147896,0.009720656617536974,0.009720656617536974,0.0,0.019441313235073948,0.029161969852610926,0.06804459632275882,0.038882626470147896,0.009720656617536974,0.6998872764626622,0.6998872764626622,0.038882626470147896,0.0,0.009720656617536974,0.0,0.009720656617536974
272,0.06833904398864898,0.03905088227922799,0.0,0.02928816170942099,0.019525441139613995,0.009762720569806997,0.009762720569806997,0.03905088227922799,0.02928816170942099,0.009762720569806997,0.7029158810261038,0.7029158810261038,0.03905088227922799,0.0,0.009762720569806997,0.0,0.009762720569806997
273,0.1495465352857105,0.032045686132652254,0.0213637907551015,0.01068189537755075,0.0,0.0213637907551015,0.042727581510203,0.06409137226530451,0.042727581510203,0.0,0.6953913890785538,0.6953913890785538,0.0213637907551015,0.0,0.01068189537755075,0.0,0.01068189537755075
274,0.12601775111145602,0.038774692649678776,0.009693673162419694,0.029081019487259083,0.0,0.019387346324839388,0.038774692649678776,0.04846836581209847,0.038774692649678776,0.0,0.697944467694218,0.697944467694218,0.038774692649678776,0.0,0.009693673162419694,0.0,0.009693673162419694
275,0.5679618342470648,0.2271847336988259,0.05679618342470648,0.17038855027411945,0.0,0.05679618342470648,0.2271847336988259,0.6815542010964778,0.2271847336988259,0.05679618342470648,0.0,0.0,0.11359236684941296,0.0,0.05679618342470648,0.0,0.05679618342470648
276,0.10760142859319283,0.03228042857795785,0.021520285718638565,0.0,0.0,0.021520285718638565,0.021520285718638565,0.053800714296596414,0.03228042857795785,0.0,0.7004853001416852,0.7004853001416852,0.021520285718638565,0.0,0.010760142859319283,0.0,0.010760142859319283
277,0.10755785149880426,0.03226735544964127,0.010755785149880426,0.03226735544964127,0.0,0.021511570299760852,0.010755785149880426,0.05377892574940213,0.043023140599521704,0.010755785149880426,0.7002016132572156,0.7002016132572156,0.0,0.0,0.010755785149880426,0.0,0.010755785149880426
278,0.06822210286372692,0.038984058779272523,0.019492029389636262,0.009746014694818131,0.0,0.019492029389636262,0.038984058779272523,0.058476088168908785,0.038984058779272523,0.0,0.7017130580269054,0.7017130580269054,0.038984058779272523,0.0,0.009746014694818131,0.0,0.009746014694818131
279,0.03240069576705102,0.043200927689401356,0.010800231922350339,0.021600463844700678,0.0,0.021600463844700678,0.043200927689401356,0.0540011596117517,0.043200927689401356,0.0,0.703095098145007,0.703095098145007,0.021600463844700678,0.0,0.010800231922350339,0.0,0.010800231922350339
280,0.5763904177042349,0.115278083540847,0.0576390417704235,0.1729171253112705,0.0,0.115278083540847,0.230556167081694,0.691668501245082,0.230556167081694,0.0576390417704235,0.0,0.0,0.115278083540847,0.0,0.0576390417704235,0.0,0.0576390417704235
281,0.04327101640811011,0.032453262306082586,0.021635508204055055,0.0,0.0,0.021635508204055055,0.03786213935709635,0.032453262306082586,0.032453262306082586,0.0,0.704235792041992,0.704235792041992,0.021635508204055055,0.010817754102027528,0.0,0.010817754102027528,0.0
282,0.14883497123386888,0.03189320812154333,0.010631069373847776,0.03189320812154333,0.0,0.010631069373847776,0.0425242774953911,0.11694176311232554,0.0425242774953911,0.010631069373847776,0.6920826162374901,0.6920826162374901,0.0,0.0,0.010631069373847776,0.0,0.010631069373847776
283,0.0751775192221902,0.021479291206340057,0.010739645603170029,0.021479291206340057,0.0,0.010739645603170029,0.042958582412680114,0.10739645603170028,0.042958582412680114,0.010739645603170029,0.6991509287663688,0.6991509287663688,0.0,0.0,0.010739645603170029,0.0,0.010739645603170029
284,0.06802852798326099,0.038873444561863424,0.009718361140465856,0.0,0.0,0.019436722280931712,0.038873444561863424,0.09718361140465856,0.038873444561863424,0.0,0.6997220021135416,0.6997220021135416,0.038873444561863424,0.0,0.009718361140465856,0.0,0.009718361140465856
285,0.7071067811865475,0.21213203435596426,0.07071067811865475,0.07071067811865475,0.0,0.21213203435596426,0.21213203435596426,0.49497474683058323,0.282842712474619,0.0,0.0,0.0,0.1414213562373095,0.0,0.07071067811865475,0.0,0.07071067811865475
286,0.7432941462471664,0.29731765849886654,0.07432941462471664,0.07432941462471664,0.0,0.14865882924943327,0.07432941462471664,0.4459764877482998,0.29731765849886654,0.0,0.0,0.0,0.14865882924943327,0.0,0.07432941462471664,0.0,0.07432941462471664
287,0.04931901612161148,0.02818229492663513,0.0070455737316587825,0.0070455737316587825,0.0,0.021136721194976348,0.021136721194976348,0.04931901612161148,0.021136721194976348,0.0,0.7045573731658782,0.7045573731658782,0.0,0.0070455737316587825,0.0,0.0070455737316587825,0.0
288,0.49746833816309105,0.2842676218074806,0.07106690545187015,0.21320071635561044,0.0,0.1421338109037403,0.2842676218074806,0.6396021490668313,0.2842676218074806,0.0,0.0,0.0,0.1421338109037403,0.0,0.07106690545187015,0.0,0.07106690545187015
289,0.09688667157307243,0.03875466862922897,0.0,0.02906600147192173,0.0,0.019377334314614483,0.03875466862922897,0.10657533873037967,0.03875466862922897,0.009688667157307242,0.6975840353261215,0.6975840353261215,0.0,0.0,0.009688667157307242,0.0,0.009688667157307242
